EqualWeight(1/N),BuyAndHold,Random-topk,Momentum-topk
1.0,1.0,1.0,1.0
1.0002973584050778,1.000297358632088,0.9986118320375681,1.0002973584050778
0.9947462867039991,0.9947906473200374,0.9970710568784069,1.008846565138703
0.9820304270744985,0.9821862481801994,0.9807458628529865,0.9974820050259314
0.9600949424939262,0.9604682916336644,0.9577643813243322,0.9768873279799558
0.9623109787584151,0.9627547655170743,0.9669359083259292,0.9805068206655237
0.956419700591981,0.9570510164981421,0.9638207178833625,0.9852999685311022
0.9641752906185538,0.9643031891215753,0.979760327211422,0.9915457561974766
0.9636138587452078,0.9639794049421649,0.9859690538613398,0.9861068958509879
0.9643189289321495,0.9648558735283669,0.9906521968952655,0.9919584835742901
0.9621902968986585,0.9630634053931171,0.9916616012094236,0.9988974973288289
0.9419246505082597,0.9430901740154422,0.9782249879972303,0.9845489853371828
0.9398620292563767,0.9409826935324949,0.9681723025054353,0.9705910158856381
0.9306326687822367,0.9316607775983666,0.9606592823310177,0.9554552995946448
0.8868847044815147,0.888453518696616,0.9099507838588705,0.9148301681215829
0.9017112598722258,0.9033340112656163,0.9151030216314208,0.9393092485212516
0.9159378886582216,0.9173810969034449,0.9329449554034674,0.9446175343611324
0.9475733779462182,0.9483353076605229,0.9685794022961822,0.9851682122182643
0.9448794528713335,0.9460850432068378,0.969925199725494,0.9888385553322229
0.9296959503119329,0.9316318115815737,0.9425322277052244,0.9827444449504962
0.9065232951696345,0.908656691365715,0.914169116880304,0.9545335859512639
0.8844707718330156,0.8879160841459947,0.8984010128468914,0.9375047673530427
0.8795430793143162,0.8827486164841442,0.9031693768518867,0.9292464884370573
0.8582591215145112,0.862616491900926,0.8845101129290076,0.9009352223480476
0.8366628699486999,0.8435770270891487,0.8684804368892373,0.9062299987643293
0.8986889262613083,0.903821240992369,0.9217000550548463,0.9585976307837464
0.9565891490009981,0.9599096521781472,0.9856410881165885,1.0379891705648363
0.9650140940141421,0.9658678554431377,0.9870783097195996,1.0852276841734017
0.9663098896434247,0.9668074982566619,0.9963365900984322,1.065002528661669
0.9697382522957483,0.9703495711560555,1.021011184701723,1.0855544498237768
0.9677916122252753,0.9678559598021113,1.0211132575954731,1.0626820078684753
0.9786636176677264,0.978597790932103,1.028204803135992,1.073540052250421
0.9830662288330312,0.9823228486180762,1.0370479938801183,1.0741977516358847
0.9813308194483179,0.9794603963537394,1.0428724035133692,1.0617842258951566
1.0011413411647663,0.9986637748946057,1.0648443009769797,1.085285851366677
0.9760212936227852,0.9743868876279278,1.0290399356301034,1.0114814446531224
1.0065803380649057,1.0043938584469845,1.065083892364219,1.030271878764492
1.0138006095103202,1.0108421435459516,1.0807280013896285,1.0699897315879758
1.0194733856999045,1.0169612086971336,1.1040438627024043,1.099764658979317
1.016560988210367,1.0140952700104853,1.1025159201676455,1.091361590517569
1.0162078166718387,1.0142022220080116,1.0972207317882468,1.0918020196382296
1.0048665141581794,1.003402207695546,1.0866974306413206,1.0832249000157261
1.0177701681279803,1.0168936221595715,1.1017290131664312,1.0957880549658623
1.0331875741905183,1.031807541519897,1.1272331458870508,1.121356273615585
1.029447640033681,1.026408252700631,1.1270380383218546,1.1275950315243901
1.0316509460838534,1.028132046154557,1.128869883742715,1.1251380013568317
1.0282213934820523,1.0253209844679152,1.1104500311534442,1.1234128776499264
1.0370889074172518,1.0339899819501503,1.1269806683267172,1.134808416855631
1.0516701562287223,1.0479158580891246,1.131478897269822,1.1777977664302135
1.0429356622644566,1.0390976273669885,1.1224561192051177,1.1855899471189493
1.0478656612928248,1.04401563894002,1.1210138642249237,1.1927151534886582
1.0464741116918617,1.0429686366605577,1.1174602365276862,1.1977913572874943
1.0331209292041075,1.0299462372530517,1.0946782693040373,1.1804114580894858
1.0163004281826105,1.013327797819579,1.0818204795786395,1.1324642801641154
1.0098958112350516,1.006809694182604,1.0599600314257374,1.1378192417006063
0.988911469615004,0.9870081238489321,1.0334237707005853,1.1161333301075511
1.00676847416393,1.0045570817973624,1.0563775968327325,1.1308210362160853
1.0181847595814093,1.0161772630867958,1.0720348405858922,1.1371692052778417
1.0363801741282208,1.033665031628074,1.093838303291454,1.1528501927454406
1.0293521976604194,1.026574439455807,1.0841698247432978,1.1227234963664021
1.0298340596072106,1.0279401523789276,1.090367815117978,1.1291897527732053
1.016946440140215,1.0166847512389565,1.0799685779519343,1.132342809779365
1.0208948425393347,1.0192198795831553,1.0956029085093864,1.11190725320401
1.0075712072191925,1.0071662956899718,1.0933937184931093,1.0774150197108474
1.014848995679745,1.0150595558553723,1.107227575571369,1.0990013593108818
1.0113434669533696,1.0125793161558065,1.1005119569169983,1.1019476147827454
1.025753737151855,1.0272361915418124,1.1093229866529775,1.1048038539610847
1.0024640674407987,1.0048723314381776,1.0665411247855865,1.0891352649201211
1.0304259837468337,1.0317625146026639,1.0937409723710991,1.0932841576073793
1.0354753633432354,1.0373230739553922,1.098005925915907,1.0959023830989623
1.0341643587367628,1.0364236901889914,1.0994197925124871,1.0988078116093198
1.021812262406635,1.0222278469923287,1.089180559738383,1.08896670851042
1.0094156958102545,1.0078002361495328,1.0768652000224628,1.1154201470293323
1.0228860835022338,1.0214593747436016,1.1088829794661645,1.1269780757638446
1.0209381456188198,1.0193338374784222,1.1114633703239618,1.1296693492893166
1.037013738050874,1.0347811638565254,1.1253329985319007,1.1530451851749024
1.0498168375715131,1.0450744972109471,1.1435816170400641,1.1772227063596126
1.0428947746483286,1.0397710255318389,1.1289725959806154,1.1703423916228393
1.0624891465353166,1.0594630241738794,1.14074937600321,1.196554241018558
1.063181715197686,1.0591400654464835,1.1348575303310848,1.1979335704381027
1.0514192643647406,1.0483318982063181,1.1167383970754758,1.1869259101663268
1.0671360187867367,1.063884871966558,1.1413964140882191,1.1964507804152371
1.0669658811788436,1.0646037191879365,1.1441280611941207,1.2141696276718021
1.0629093659976117,1.0619248433846205,1.1499372562265264,1.2196675172442855
1.0652477940601792,1.0633914878837178,1.1544552299843023,1.212912711969443
1.0576776684229732,1.0566242849834055,1.1462037587411638,1.1977292708721512
1.0545119552155955,1.0534595580031132,1.1387539465486374,1.2228323861997354
1.0630081120023112,1.0613264810533514,1.1399605141945721,1.2618682674243278
1.0720642943072405,1.071090354131225,1.1466447765168715,1.2626838124849935
1.0644755479191126,1.063153387715446,1.1433476964962883,1.237631154065467
1.0607688334260092,1.058671465238888,1.135713613077902,1.2283419345037894
1.0433735265483393,1.041626133548261,1.1244350527868394,1.2088984818028765
1.0357266646405814,1.0347404067311765,1.1213655183324682,1.1903183548259708
1.0482091975849699,1.0481523032771773,1.1466677816795086,1.2194790496899772
1.0353002831924147,1.036085937519706,1.1279040958404138,1.2126020088534075
1.0387940088208054,1.0407561445496833,1.1304822326972308,1.2361061810215976
1.0338162741587804,1.0337772871423823,1.1300879071609502,1.1985688334484625
1.036571250625945,1.03537233577391,1.1372464305019818,1.2047332066852139
1.029797251536888,1.0295442278672302,1.1353219136870656,1.1940876284105062
1.0439712193362227,1.0455061968299793,1.149651748837122,1.2124645361778685
1.0326650080691873,1.0327500142613248,1.1493676876685919,1.1871702771021784
1.0240544436580732,1.0269516856904033,1.1544834698761344,1.1643759521611958
1.027044845123425,1.0290055308895918,1.1549671653078797,1.1579418246246327
1.0261977414706347,1.0259114073649196,1.154773444511203,1.1604283272210612
1.0301860651104542,1.030102742931642,1.1621524917165946,1.15995291516318
1.0201047136782968,1.0201920068656658,1.1476803722639521,1.148932563408617
1.0235782496420784,1.0240451495107192,1.1510791102060407,1.159105956946335
1.0218101144981715,1.0217722992652363,1.1419020769962436,1.1637300314966743
1.0251379795835311,1.0251861340293151,1.1441220259805582,1.1605291632015637
1.0139668702469502,1.014330350675122,1.1315286431477884,1.1548649887482363
0.9954210270892095,0.9968364776765025,1.1138183414996932,1.151930677912899
0.9991529016828364,1.0017414941527476,1.1181497303048666,1.1518368978384108
0.9796204364065456,0.9839324230723531,1.0843405155065498,1.1490556124007436
0.9769348799315061,0.9817212009949315,1.0786219100249361,1.1497118884050548
0.9911296976054716,0.9930378148385699,1.097472573425616,1.145792470924558
0.9728225753275983,0.9750938280407884,1.0674544610472638,1.123099578124068
0.9815014681649075,0.9863939250695507,1.0773597056353543,1.1423720843470497
0.9962873795678178,1.0022257167687103,1.0873736374197527,1.1518509924841451
0.9864311575731769,0.9913280244955893,1.0737269604333497,1.135443458972855
0.9766377411860947,0.9815597671655059,1.0690894436303409,1.127691968290843
0.9613476607903423,0.9677131904518924,1.0581218047490095,1.1096390866530084
0.9670351380294355,0.9729915631125242,1.0745438747608667,1.1063038116908732
0.9497828152060172,0.9583847218602205,1.047973094052883,1.0841402341562663
0.9658092456217429,0.9760394999933599,1.0624977984399437,1.1169011043897292
0.9573837035654582,0.9657387296211869,1.0575732570600664,1.1294055625257078
0.9782756397237939,0.9854292898022216,1.0666360202206318,1.1540800922511016
0.9736031938732845,0.9796920833743625,1.0665323239082747,1.1475600237277275
0.9666197118979744,0.9744050977873415,1.0650460244326039,1.1194767594635162
0.9694587692032682,0.9773780357460208,1.0818115724745645,1.1356358390760353
0.9607236187009466,0.9659788270953102,1.071131970227914,1.1225439570413327
0.9632712051361924,0.9688500276849573,1.074173635095813,1.135678048208442
0.961140940100747,0.9646328027371635,1.0668774750850347,1.139327621167082
0.9609274070146484,0.9641763185835236,1.072716551145437,1.1379861175364798
0.9363005781727659,0.9392889137733423,1.047811886336274,1.1013241321109517
0.9280506726431024,0.9323788733206023,1.0315291491452272,1.1080075568300602
0.9284283831217058,0.9316425840495364,1.0330995216915444,1.1159588581220372
0.9432583459434277,0.9457324428928143,1.0477124391546073,1.1167105212472155
0.9390058185577405,0.9420336194768826,1.0474646047320249,1.1304813823276885
0.9362472317334546,0.9385185557636234,1.0441652329181863,1.1336460120465301
0.9669498246923517,0.9671554747191734,1.0754352105093,1.148532682337902
0.959748571897607,0.9599998652654801,1.0641771785469873,1.1356562809014084
0.9506483378139264,0.9505860118812638,1.0642553125417866,1.1171270183657953
0.9327717490803616,0.9310950280047834,1.045292482568419,1.0881016432180826
0.9458168795846279,0.9427118168598583,1.0570517430953037,1.11515142268359
0.9464947358483486,0.9444286471098293,1.0601315870907917,1.1055765397076764
0.9461819941418472,0.943522240293774,1.0769325895799942,1.0975412028034766
0.939371806745965,0.9376950385348948,1.0702614787287639,1.0888072841612328
0.9407070023802198,0.9392488606340921,1.0865176169704729,1.0853748852114822
0.9443042342117989,0.9428408662150468,1.0954504555520939,1.081367319068857
0.9329035947023363,0.9320991269082014,1.084100939256512,1.056077099627448
0.9387920583920464,0.937517926119377,1.0998617979782028,1.0669267011906618
0.9328569343966547,0.932089892759526,1.0889359688584468,1.0634917503528594
0.9371490012178223,0.9368343881144436,1.0949970026952471,1.066822585574028
0.9216935592319494,0.9216469264697722,1.07936183368994,1.0482132427561544
0.915638874875837,0.9161511529187785,1.0685550369760075,1.043053955487065
0.9023515391137678,0.9042474016009938,1.0533437727497181,1.028497971574996
0.9023172064673676,0.9038694495584481,1.0594323339777798,1.0196522258776068
0.8996599727760435,0.9010927670873532,1.0686433707859802,1.0217104761599103
0.8880963847992385,0.8892758350633394,1.066527720963564,1.0027596602213544
0.8870543995337956,0.8877311014548376,1.0667371374489498,0.9922199058752333
0.8979185528634515,0.8972672030039539,1.079986996780038,1.0047803476648758
0.9158103361320239,0.9145310473471251,1.1019675282146548,1.02141468105861
0.9006497612025033,0.9007843775920497,1.0896007321328784,0.9963746019963616
0.9116887866574147,0.9116524708461239,1.1032781135253666,0.9955497244406029
0.9078803472476129,0.907560418113189,1.113052366881631,1.0051630167767944
0.9137379453793935,0.9122145033206119,1.1228986642848127,1.0165937773890414
0.902167858504169,0.9013157904834729,1.1024453488604822,1.003505364450309
0.8964025868384462,0.8948752294874215,1.0932572380594372,1.0026916081605184
0.8980606858685836,0.8962857755628657,1.0996628960805583,0.9829802901025418
0.8946014219769312,0.8928371974676299,1.0933687080196237,0.9829499261937853
0.8922280150846649,0.8905005699109911,1.0957672157420226,0.9805662061828088
0.8828605749855823,0.882161454554316,1.0923550660678238,0.9749532052240234
0.8870533054092454,0.8866632771909597,1.0959383241844967,0.9746129909532921
0.9021087952406289,0.8989367735034309,1.0991735827377682,0.9829222610306443
0.8990970746388537,0.8968725928335542,1.0936833882101393,0.9915065876797737
0.9017454142308154,0.8992350509378235,1.107396152495357,1.0069012706441667
0.9339002738324513,0.9305314232823448,1.1385345913833025,1.0378347360357665
0.9398216276093485,0.9353511094128174,1.1410457003691434,1.044763972757733
0.9744655923017982,0.9673409354069775,1.1833717609269947,1.090330304859227
1.0173712283735006,1.007107789278119,1.2544413592725812,1.163566079066231
1.1062232363998195,1.0927902876921605,1.3663824624538772,1.2785976209445138
1.162446018412183,1.1438388515158615,1.4412408940728143,1.4231702304992202
1.085014500588893,1.069871522642405,1.3678594763358476,1.3059952658713252
1.0898564051927893,1.0758447795738002,1.3796629253171058,1.2922161428067245
1.0524403039423864,1.0401261811842437,1.329094745405107,1.2470963844643637
1.0769770060993935,1.0644317610441179,1.3660671390405912,1.2638591088807265
1.0520421912312206,1.0388542111000036,1.3390067071847247,1.2458906668060887
1.0539213617098724,1.041610845543272,1.333551502439843,1.233555438415552
1.0424106202695658,1.030643432903625,1.3217632880994425,1.2236032418496694
1.0733429704161044,1.0623822814247028,1.3675112628527584,1.3006245625503583
1.0886656285258285,1.0776388797372198,1.3947488202691294,1.343501197809858
1.1016977990210657,1.091703482110213,1.4271377544837383,1.3351514610320412
1.1052469307560906,1.0953085616950162,1.4305132783021228,1.3480753244735217
1.093519989849358,1.0843822332197206,1.4225686952855652,1.3314328924299628
1.1068306986194874,1.095452895419207,1.438866124066743,1.3440716750727812
1.124237103789428,1.1129914872455586,1.4857548821701454,1.3686980020256365
1.1096642885874892,1.1024458919587996,1.4557129124767785,1.3564032272683408
1.11787521473921,1.1144507653891427,1.5056218419982748,1.3771815097451525
1.1294491493355963,1.129656940436447,1.5216417579444084,1.4337258694594373
1.1201004221629696,1.116754894750391,1.5092336516834868,1.3970147623067841
1.1357714510542845,1.1317671265290234,1.5210671653085481,1.4196133808514408
1.1638924904816732,1.1590521167742898,1.5639090214720235,1.4670669454753615
1.1679122144453793,1.1599514133333073,1.5755492481761535,1.4817596286302441
1.1835717637415835,1.1716767796345575,1.615111804541397,1.4950907120069516
1.1780807271554476,1.1675927784731228,1.598508774004883,1.4946486677540403
1.1966641482925466,1.1865219063167702,1.664390477538348,1.5446347100882707
1.187745024578136,1.177071650997214,1.641195930306935,1.528346264513589
1.1864278286839185,1.1745741036065147,1.6637713127939038,1.5140280240995678
1.1558403272732958,1.1440031019211432,1.6071243886834248,1.4631749585319764
1.1369212832463529,1.1245612002576288,1.588299456680285,1.4330436567741223
1.125889458532277,1.1123830464942135,1.5728727128198068,1.4075197423983734
1.1376605963626667,1.1226125723808478,1.578793759779194,1.3836528313917544
1.1550399773706992,1.1393834014213868,1.6050381155844098,1.4132603666977852
1.1559509783217954,1.1428559073566276,1.6109519850255778,1.4169735936141343
1.1189297555498467,1.1053265350574204,1.5842266229540243,1.3707495109652605
1.1185242927646635,1.1039938749110758,1.5702093336507303,1.3970898017931674
1.111528783877011,1.0968934368596326,1.5629550480226595,1.4043749203955844
1.1272240676582264,1.110455822017355,1.5995017116891224,1.3948191118427837
1.1231333923336724,1.1038315101684908,1.6151275867113457,1.4112129123412518
1.1373566422579848,1.1182733083791534,1.622618377611367,1.4213352322518893
1.156905104027937,1.1380514152528163,1.6347820739628465,1.4728704881889934
1.1578242992030108,1.1393792677598382,1.6201311512710883,1.51405507263565
1.150175040085159,1.1334739214417866,1.6053306218382555,1.5626646098884454
1.1570326356651561,1.142180101023631,1.636143082778128,1.5839321096105468
1.1727128505640494,1.1573368474176815,1.651027674678258,1.612000815835966
1.166675600203167,1.1490784076490002,1.6500572170548236,1.57607062566274
1.1706553590015472,1.150415982501491,1.657227946241895,1.5792207315503195
1.1827321638661927,1.1614634269169566,1.6655138149187734,1.6088077598294321
1.1920307994898398,1.1700681996476057,1.6775564726987005,1.63482411219842
1.1673554375021715,1.1462520145309105,1.6478034701328308,1.5902422387121289
1.1566017273385751,1.1352342238458724,1.658030770112956,1.5828983915583954
1.1429513963484481,1.121682072492449,1.6459987271276781,1.5639068951876895
1.1514504678718445,1.1311125216883409,1.6649993536815029,1.5913999570887571
1.155128026796305,1.1359905077075365,1.6581729051434364,1.6195770761435808
1.1594881330923723,1.141615845927431,1.6671613640830807,1.6517167498611003
1.1421561981945025,1.1248100229309967,1.651064298976632,1.5941184600642606
1.1572150990439904,1.1399312437201057,1.6946842260739217,1.615786539368868
1.14782532334063,1.130767750258367,1.686784356930322,1.6107153857377319
1.153525878863037,1.1379283417373904,1.692800660237893,1.6338371842733896
1.1602181621763135,1.1436191368981268,1.703287150269615,1.6350287609808836
1.1604242939090499,1.1439965991498682,1.7088771084179715,1.6420203098813777
1.1320147013301765,1.1152869999388721,1.6527701404419075,1.6089151574984348
